{
    "AAPL": {
        "new_price": 151.17985222546505,
        "base_price": 150.25,
        "growth": 0.006188700335873716
    },
    "GOOGL": {
        "new_price": 2723.6315127456187,
        "base_price": 2725.6,
        "growth": -0.000722221622534966
    },
    "AMZN": {
        "new_price": 3429.080691272597,
        "base_price": 3441.85,
        "growth": -0.0037100131404340323
    },
    "MSFT": {
        "new_price": 297.6136432889568,
        "base_price": 299.35,
        "growth": -0.005800423287266649
    },
    "TSLA": {
        "new_price": 718.3983121099345,
        "base_price": 715.45,
        "growth": 0.004120919854545406
    },
    "FB": {
        "new_price": 356.9460899375275,
        "base_price": 358.32,
        "growth": -0.003834310288212851
    },
    "NFLX": {
        "new_price": 525.166435273168,
        "base_price": 523.45,
        "growth": 0.0032790816184314836
    },
    "NVDA": {
        "new_price": 194.74708409487081,
        "base_price": 195.32,
        "growth": -0.002933216798736356
    }
}